,track_name,tempo,duration,danceability,acousticness,speechiness,is_nominee,grammy_id,artist,year,decade
0,'Round Midnight,Lento,5.54,0.39,0.97,0.04,True,2933,Bobby McFerrin,1992,1990
1,'Round Midnight,Lento,5.54,0.39,0.97,0.04,True,3386,Bobby McFerrin,1986,1980
2,(I've Had) The Time Of My Life,Moderado,4.63,0.46,0.08,0.05,True,3301,Jennifer Warnes & Bill Medley,1987,1980
3,"10,000 Reasons (Bless The Lord)",Lento,5.38,0.27,0.22,0.03,True,977,Matt Redman,2012,2010
4,11:11,Moderado,6.56,0.53,0.0,0.04,True,215,Maluma,2019,2010
5,21st Century Breakdown,Moderado,5.15,0.3,0.01,0.05,True,1231,Green Day,2009,2000
6,24K Magic,Lento,2.95,0.85,0.04,0.09,True,520,Bruno Mars,2017,2010
7,24K Magic,Lento,2.95,0.85,0.04,0.09,True,521,Bruno Mars,2017,2010
8,24K Magic,Lento,2.95,0.85,0.04,0.09,True,540,Bruno Mars,2017,2010
9,25,Moderado,4.14,0.19,0.02,0.07,True,607,Adele,2016,2010
10,25,Moderado,4.14,0.19,0.02,0.07,True,613,Adele,2016,2010
11,45,Moderado,4.17,0.45,0.0,0.03,True,1378,Jaguares,2008,2000
12,7,Lento,2.14,0.47,0.0,0.1,True,14,Lil Nas X,2019,2010
13,7 rings,Moderado,2.98,0.78,0.59,0.33,True,3,Ariana Grande,2019,2010
14,7 rings,Moderado,2.98,0.78,0.59,0.33,True,36,Ariana Grande,2019,2010
15,80,Moderado,4.22,0.38,0.21,0.07,True,1716,B.B. King & Friends,2005,2000
16,9 To 5,Lento,4.33,0.77,0.02,0.16,True,3725,Dolly Parton,1981,1980
17,99 Problems,Moderado,2.29,0.53,0.04,0.07,True,1790,Jay-Z,2004,2000
18,A Day In The Life,Lento,5.14,0.32,0.36,0.03,True,1229,Jeff Beck,2009,2000
19,A Mi Manera,Rápido,1.5,0.24,0.04,0.08,True,900,Mariachi Divas De Cindy Shea,2013,2010
20,A Star Is Born,Moderado,2.07,0.68,0.38,0.08,True,303,Lady Gaga & Bradley Cooper,2019,2010
21,Addicted To Love,Moderado,6.06,0.7,0.38,0.03,True,3376,Robert Palmer,1986,1980
22,Again,Lento,16.33,0.4,0.04,0.04,True,2192,Lenny Kravitz,2000,2000
23,Against The Wind,Moderado,5.56,0.67,0.28,0.02,True,3778,Bob Seger & The Silver Bullet Band,1980,1980
24,Ain't Nobody,Lento,4.68,0.8,0.19,0.04,True,3590,Rufus & Chaka Khan,1983,1980
25,Alabama Jubilee,Moderado,2.88,0.43,0.68,0.03,True,3666,Roy Clark,1982,1980
26,All Blues,Moderado,3.02,0.7,0.3,0.04,True,2693,Tom Scott (GRP All-Star Big Band),1995,1990
27,All For You,Moderado,3.64,0.58,0.0,0.09,True,2085,Janet Jackson,2001,2000
28,All I Wanna Do,Lento,3.49,0.61,0.24,0.27,True,2740,Sheryl Crow,1994,1990
29,All I Wanna Do,Lento,3.49,0.61,0.24,0.27,True,2744,Sheryl Crow,1994,1990
30,All My Life,Moderado,4.39,0.58,0.0,0.05,True,1988,Foo Fighters,2002,2000
31,All My Life,Moderado,4.39,0.58,0.0,0.05,True,3073,Linda Ronstadt & Aaron Neville,1990,1990
32,All Out,Moderado,2.4,0.66,0.03,0.21,True,2867,The Winans,1993,1990
33,All Things New,Lento,4.19,0.37,0.04,0.03,True,1812,Steven Curtis Chapman,2004,2000
34,Almost Persuaded,Lento,3.13,0.5,0.9,0.03,True,4475,David Houston,1966,1960
35,Almost Persuaded,Lento,3.13,0.5,0.9,0.03,True,4477,David Houston,1966,1960
36,Alone,Lento,2.67,0.67,0.23,0.05,True,4305,Bill Evans,1970,1970
37,Alone Together,Rápido,2.86,0.54,0.01,0.12,True,171,Catherine Russell,2019,2010
38,Alright,Moderado,2.82,0.59,0.05,0.07,True,712,Kendrick Lamar,2015,2010
39,Always On My Mind,Rápido,3.64,0.36,0.75,0.03,True,3664,Willie Nelson,1982,1980
40,Amazing Grace,Lento,3.39,0.32,0.78,0.04,True,3175,Randy Scruggs,1989,1980
41,Amazing Grace,Lento,3.39,0.32,0.78,0.04,True,3734,B.J. Thomas,1981,1980
42,Amazing Grace,Lento,3.39,0.32,0.78,0.04,True,4204,Aretha Franklin,1972,1970
43,American Boy,Moderado,4.75,0.73,0.17,0.33,True,1352,Estelle Featuring Kanye West,2008,2000
44,American Idiot,Rápido,2.94,0.38,0.0,0.06,True,1780,Green Day,2004,2000
45,American Woman,Lento,4.36,0.65,0.02,0.08,True,2291,Lenny Kravitz,1999,1990
46,Amor,Moderado,2.54,0.7,0.19,0.12,True,2701,Jon Secada,1995,1990
47,Angel,Rápido,5.15,0.24,0.3,0.04,True,623,Lalah Hathaway,2016,2010
48,Angels,Rápido,4.01,0.34,0.29,0.05,True,3530,Amy Grant,1984,1980
49,Anniversary,Moderado,4.72,0.33,0.95,0.03,True,479,Spanish Harlem Orchestra,2018,2010
50,Anthem,Lento,3.25,0.13,0.3,0.03,True,3542,Black Uhuru,1984,1980
51,Antidote,Moderado,3.87,0.46,0.03,0.03,True,183,Chick Corea & The Spanish Heart Band,2019,2010
52,At Last,Lento,2.99,0.27,0.55,0.03,True,1236,Beyoncé,2009,2000
53,At Last,Lento,2.99,0.27,0.55,0.03,True,2103,Gladys Knight,2001,2000
54,Auld Lang Syne,Lento,4.52,0.66,0.91,0.04,True,1980,B.B. King,2002,2000
55,Aura,Moderado,3.29,0.59,0.0,0.03,True,3170,Miles Davis,1989,1980
56,B.Y.O.B.,Lento,4.26,0.54,0.01,0.14,True,1668,System Of A Down,2005,2000
57,Babel,Lento,3.32,0.88,0.14,0.07,True,943,Mumford & Sons,2012,2010
58,Bachata Rosa,Moderado,4.27,0.78,0.81,0.03,True,3031,Juan Luis Guerra 4.40,1991,1990
59,Back To Black,Moderado,4.02,0.4,0.13,0.04,True,1441,Amy Winehouse,2007,2000
60,Back To Life,Lento,3.8,0.82,0.05,0.14,True,3159,Soul II Soul Featuring Caron Wheeler,1989,1980
61,Bad Blood,Moderado,3.54,0.66,0.01,0.04,True,773,Taylor Swift Featuring Kendrick Lamar,2015,2010
62,Bad Boys,Lento,2.78,0.73,0.46,0.06,True,2876,Inner Circle,1993,1990
63,Bad Guy,Moderado,2.63,0.56,0.01,0.06,True,1,Billie Eilish,2019,2010
64,Bad Guy,Moderado,2.63,0.56,0.01,0.06,True,35,Billie Eilish,2019,2010
65,Bad Love,Lento,3.57,0.65,0.01,0.31,True,3076,Eric Clapton,1990,1990
66,Bad Romance,Moderado,4.14,0.55,0.01,0.07,True,1106,Lady Gaga,2010,2010
67,Bad Romance,Moderado,4.14,0.55,0.01,0.07,True,1209,Lady Gaga,2010,2010
68,Beautiful,Lento,8.32,0.56,0.68,0.18,True,1871,Christina Aguilera,2003,2000
69,Beautiful Life,Moderado,2.16,0.86,0.12,0.04,True,806,Dianne Reeves,2014,2010
70,Because Of You,Rápido,5.12,0.46,0.0,0.18,True,1460,Ne-Yo,2007,2000
71,Becoming,Moderado,5.57,0.21,0.0,0.08,True,288,Michelle Obama,2019,2010
72,Before He Cheats,Moderado,3.33,0.52,0.27,0.04,True,1466,Carrie Underwood,2007,2000
73,Before I Forget,Moderado,4.64,0.29,0.02,0.17,True,1669,Slipknot,2005,2000
74,Behind Closed Doors,Lento,2.91,0.49,0.96,0.03,True,4159,Charlie Rich,1973,1970
75,Being With You,Lento,7.07,0.6,0.88,0.03,True,3583,George Benson,1983,1980
76,Believe,Moderado,3.56,0.58,0.02,0.04,True,2287,Cher,1999,1990
77,Better Man,Moderado,5.48,0.56,0.41,0.04,True,546,Little Big Town,2017,2010
78,Better Than You,Lento,3.54,0.45,0.01,0.07,True,2392,Metallica,1998,1990
79,Billie Jean,Moderado,4.69,0.52,0.59,0.04,True,3589,Michael Jackson,1983,1980
80,Bittersweet,Lento,2.85,0.5,0.57,0.03,True,1124,Fantasia,2010,2010
81,Black Hole Sun,Lento,5.31,0.35,0.0,0.04,True,2754,Soundgarden,1994,1990
82,Blessed,Moderado,3.14,0.83,0.14,0.17,True,1614,Soweto Gospel Choir,2006,2000
83,Block Rockin' Beats,Moderado,4.9,0.61,0.02,0.06,True,2488,The Chemical Brothers,1997,1990
84,Blue,Rápido,2.63,0.5,0.0,0.06,True,2591,LeAnn Rimes,1996,1990
85,Blue Eyes Crying In The Rain,Lento,2.31,0.66,0.17,0.03,True,4064,Willie Nelson,1975,1970
86,Boogie Wonderland,Moderado,4.8,0.8,0.08,0.03,True,3843,"Earth, Wind & Fire",1979,1970
87,Boombastic,Moderado,4.17,0.87,0.24,0.36,True,2708,Shaggy,1995,1990
88,Both Sides Now,Moderado,2.31,0.42,0.96,0.05,True,2190,Joni Mitchell,2000,2000
89,Both Sides Now,Moderado,2.31,0.42,0.96,0.05,True,4385,Judy Collins,1968,1960
90,Bow Down,Moderado,4.04,0.43,0.0,0.05,True,76,I Prevail,2019,2010
91,Boyfriend,Lento,3.75,0.8,0.06,0.05,True,39,Ariana Grande & Social House,2019,2010
92,Brand New Day,Lento,4.14,0.65,0.0,0.03,True,2283,Sting,1999,1990
93,Brand New Day,Lento,4.14,0.65,0.0,0.03,True,2288,Sting,1999,1990
94,Brasil,Moderado,2.81,0.66,0.02,0.07,True,3225,The Manhattan Transfer,1988,1980
95,Break It To Me Gently,Lento,2.73,0.54,0.59,0.03,True,3663,Juice Newton,1982,1980
96,Breathe,Moderado,3.24,0.6,0.01,0.04,True,2209,Faith Hill,2000,2000
97,Breathe,Moderado,3.24,0.6,0.01,0.04,True,2215,Faith Hill,2000,2000
98,Breathe Again,Moderado,3.52,0.49,0.05,0.04,True,2760,Toni Braxton,1994,1990
99,Breezin',Lento,5.7,0.68,0.48,0.05,True,4008,George Benson,1976,1970
100,Bridge Over Troubled Water,Lento,4.59,0.21,0.86,0.03,True,4241,Aretha Franklin,1971,1970
101,Bridge Over Troubled Water,Lento,4.59,0.21,0.86,0.03,True,4272,Simon And Garfunkel,1970,1970
102,Bridge Over Troubled Water,Lento,4.59,0.21,0.86,0.03,True,4273,Simon And Garfunkel,1970,1970
103,Bridge Over Troubled Water,Lento,4.59,0.21,0.86,0.03,True,4285,(Simon And Garfunkel),1970,1970
104,Brighter Days,Lento,2.74,0.62,0.95,0.04,True,260,Robert Randolph & The Family Band,2019,2010
105,Bring Me To Life,Moderado,2.36,0.75,0.16,0.05,True,1883,Evanescence Featuring Paul McCoy,2003,2000
106,Brothers,Lento,3.03,0.67,0.13,0.07,True,1123,"Black Keys, The",2010,2010
107,Brothers,Lento,3.03,0.67,0.13,0.07,True,2519,Take 6,1997,1990
108,Brothers,Lento,3.03,0.67,0.13,0.07,True,3241,Bobby McFerrin,1988,1980
109,Burn The Ships,Lento,4.61,0.5,0.16,0.03,True,203,for KING & COUNTRY,2019,2010
110,Busted,Moderado,2.81,0.54,0.51,0.02,True,4625,Ray Charles,1963,1960
111,Butterflies,Lento,2.92,0.86,0.15,0.04,True,461,Kacey Musgraves,2018,2010
112,By The Time I Get To Phoenix,Lento,2.77,0.37,0.47,0.03,True,4361,Glen Campbell,1968,1960
113,By The Time I Get To Phoenix,Lento,2.77,0.37,0.47,0.03,True,4405,Glen Campbell,1967,1960
114,By The Time I Get To Phoenix,Lento,2.77,0.37,0.47,0.03,True,4418,Glen Campbell,1967,1960
115,Call Me Irresponsible,Moderado,2.08,0.61,0.7,0.04,True,1444,Michael Bublé,2007,2000
116,Call My Name,Moderado,3.21,0.6,0.8,0.06,True,236,I'm With Her,2019,2010
117,Call My Name,Moderado,3.21,0.6,0.8,0.06,True,1783,Prince,2004,2000
118,Can Can,Lento,2.19,0.43,0.82,0.04,True,4732,Frank Sinatra And Original Cast,1960,1960
119,Can You Feel The Love Tonight,Lento,3.04,0.46,0.51,0.06,True,2745,Elton John,1994,1990
120,Candela,Lento,2.46,0.65,0.02,0.08,True,231,Vicente García,2019,2010
121,Candle In The Wind 1997,Moderado,4.17,0.45,0.98,0.03,True,2476,Elton John,1997,1990
122,Caraluna,Lento,4.44,0.76,0.18,0.07,True,2028,Bacilos,2002,2000
123,Carry On,Moderado,4.02,0.51,0.0,0.1,True,2480,Donna Summer & Giorgio Moroder,1997,1990
124,Celia,Moderado,4.29,0.74,0.64,0.03,True,278,Angelique Kidjo,2019,2010
125,Channel Orange,Moderado,3.8,0.8,0.04,0.08,True,961,Frank Ocean,2012,2010
126,Chasing Pavements,Lento,3.51,0.62,0.29,0.03,True,1324,Adele,2008,2000
127,Cheek To Cheek,Moderado,5.91,0.66,0.71,0.09,True,781,Tony Bennett & Lady Gaga,2014,2010
128,Chicago,Rápido,4.09,0.61,0.08,0.18,True,1944,(Various Artists),2003,2000
129,Choices,Moderado,3.44,0.48,0.54,0.03,True,2309,George Jones,1999,1990
130,Christmas,Moderado,2.76,0.69,0.4,0.07,True,3254,Larnelle Harris,1988,1980
131,Cielito Lindo,Lento,3.11,0.57,0.77,0.33,True,3183,Jose Feliciano,1989,1980
132,Cinema,Lento,3.7,0.46,0.56,0.03,True,3518,Yes,1984,1980
133,Cirice,Lento,6.03,0.56,0.0,0.03,True,703,Ghost,2015,2010
134,Clarity,Lento,2.58,0.58,0.69,0.04,True,866,Zedd Featuring Foxes,2013,2010
135,Classic,Lento,2.92,0.72,0.04,0.12,True,1162,Intocable,2010,2010
136,Climax,Moderado,6.22,0.49,0.0,0.08,True,958,Usher,2012,2010
137,Clocks,Lento,3.63,0.46,0.84,0.94,True,1867,Coldplay,2003,2000
138,Close To You,Moderado,2.78,0.74,0.28,0.09,True,4283,Carpenters,1970,1970
139,Clouds,Rápido,4.73,0.52,0.0,0.21,True,4343,Joni Mitchell,1969,1960
140,Clout,Moderado,3.63,0.7,0.09,0.18,True,122,Offset Featuring Cardi B,2019,2010
141,Cluck Old Hen,Moderado,2.58,0.63,0.65,0.03,True,1907,Alison Krauss & Union Station,2003,2000
142,Colors,Moderado,2.67,0.68,0.79,0.03,True,449,Beck,2018,2010
143,Come Away With Me,Lento,3.3,0.44,0.9,0.03,True,1973,Norah Jones,2002,2000
144,Come Away With Me,Lento,3.3,0.44,0.9,0.03,True,1982,Norah Jones,2002,2000
145,Come Home,Moderado,3.78,0.52,0.04,0.05,True,93,Anderson .Paak Featuring André 3000,2019,2010
146,Come Sunday,Lento,3.63,0.42,1.0,0.04,True,3470,Jennifer Holliday,1985,1980
147,Come Together,Lento,3.23,0.45,0.0,0.05,True,2022,Third Day,2002,2000
148,Coming Home,Moderado,3.23,0.61,0.03,0.04,True,653,O'Connor Band With Mark O'Connor,2016,2010
149,Confessions,Lento,4.33,0.56,0.05,0.27,True,1789,Usher,2004,2000
150,Continuum,Lento,2.38,0.25,0.97,0.03,True,1552,John Mayer,2006,2000
151,Crawling,Lento,3.48,0.58,0.05,0.03,True,2092,Linkin Park,2001,2000
152,Crazy,Moderado,2.98,0.5,0.0,0.07,True,1568,Gnarls Barkley,2006,2000
153,Crazy,Moderado,2.98,0.5,0.0,0.07,True,2753,Aerosmith,1994,1990
154,Crazy Heart,Lento,7.17,0.74,0.42,0.05,True,1181,(Various Artists),2010,2010
155,Crazy Love,Moderado,2.91,0.69,0.32,0.05,True,1115,Michael Bublé,2010,2010
156,Creep,Moderado,2.92,0.65,0.01,0.04,True,2674,TLC,1995,1990
157,Criminal,Moderado,5.11,0.7,0.06,0.06,True,2483,Fiona Apple,1997,1990
158,Cry,Moderado,4.28,0.41,0.76,0.03,True,2007,Faith Hill,2002,2000
159,Crying,Lento,2.77,0.35,0.76,0.03,True,3249,Roy Orbison & k.d. lang,1988,1980
160,Dale,Moderado,3.66,0.66,0.0,0.05,True,733,Pitbull,2015,2010
161,Dance With Me,Moderado,6.53,0.79,0.0,0.06,True,2438,Jimmy Sturr & His Orchestra,1998,1990
162,Dancing In The Dark,Moderado,4.08,0.63,0.5,0.03,True,3516,Bruce Springsteen,1984,1980
163,Dani California,Lento,4.7,0.56,0.02,0.04,True,1557,Red Hot Chili Peppers,2006,2000
164,Daughters,Moderado,3.97,0.67,0.84,0.03,True,1765,John Mayer,2004,2000
165,Dawn,Moderado,3.07,0.41,0.99,0.06,True,3974,Mongo Santamaria,1977,1970
166,Days Go By,Moderado,2.66,0.76,0.11,0.06,True,1983,Dirty Vegas,2002,2000
167,Days Of Wine And Roses,Lento,3.77,0.47,0.99,0.04,True,4587,Henry Mancini,1963,1960
168,Dedicated To The One I Love,Lento,2.98,0.4,0.81,0.03,True,2622,Linda Ronstadt,1996,1990
169,Deja Vu,Lento,3.28,0.69,0.05,0.06,True,3840,Dionne Warwick,1979,1970
170,Desafinado,Lento,2.05,0.56,0.63,0.07,True,4636,Stan Getz,1962,1960
171,Desire,Moderado,6.89,0.68,0.0,0.05,True,3229,U2,1988,1980
172,Dilemma,Moderado,4.13,0.63,0.79,0.03,True,2005,Nelly Featuring Kelly Rowland,2002,2000
173,Dirty Mind,Lento,3.29,0.64,0.03,0.29,True,2094,Jeff Beck,2001,2000
174,Don't Cry,Lento,2.36,0.66,0.05,0.39,True,3178,CeCe Winans,1989,1980
175,Don't Give Up,Moderado,3.31,0.83,0.06,0.1,True,3732,Andrae Crouch,1981,1980
176,Don't Know Why,Rápido,2.87,0.7,0.99,0.11,True,1972,Norah Jones,2002,2000
177,Don't Know Why,Rápido,2.87,0.7,0.99,0.11,True,1976,Norah Jones,2002,2000
178,Don't Let Me Down,Moderado,3.47,0.53,0.16,0.17,True,614,The Chainsmokers Featuring Daya,2016,2010
179,Don't Look Back,Moderado,3.97,0.49,0.04,0.08,True,2478,John Lee Hooker & Van Morrison,1997,1990
180,Don't Look Back,Moderado,3.97,0.49,0.04,0.08,True,2525,John Lee Hooker,1997,1990
181,Downtown,Moderado,3.22,0.78,0.18,0.14,True,4564,Petula Clark,1964,1960
182,Drip Too Hard,Moderado,2.43,0.9,0.09,0.29,True,124,Lil Baby & Gunna,2019,2010
183,Dueling Banjos,Moderado,3.08,0.47,0.63,0.05,True,4161,Steve Mandell & Eric Weissberg,1973,1970
184,Duet,Moderado,4.02,0.46,0.9,0.04,True,3867,Chick Corea & Gary Burton,1979,1970
185,Dystopia,Moderado,3.43,0.24,0.0,0.13,True,618,Megadeth,2016,2010
186,El Camino,Lento,2.88,0.6,0.03,0.03,True,956,The Black Keys,2012,2010
187,El Dorado,Moderado,5.13,0.33,0.05,0.05,True,560,Shakira,2017,2010
188,El Dorado,Moderado,5.13,0.33,0.05,0.05,True,1119,Iron Maiden,2010,2010
189,Eleanor Rigby,Moderado,2.09,0.52,0.84,0.04,True,4468,Paul McCartney,1966,1960
190,Electricity,Moderado,3.24,0.55,0.06,0.03,True,442,Silk City & Dua Lipa Featuring Diplo & Mark Ronson,2018,2010
191,Elevate,Moderado,3.7,0.62,0.0,0.03,True,67,Lettuce,2019,2010
192,Elevation,Moderado,4.54,0.51,0.0,0.06,True,2091,U2,2001,2000
193,Elite,Moderado,3.89,0.63,0.17,0.33,True,2195,Deftones,2000,2000
194,Encore,Moderado,2.52,0.5,0.45,0.67,True,2132,Roberto Blades,2001,2000
195,End Of The Road,Moderado,5.86,0.64,0.07,0.02,True,2926,Boyz II Men,1992,1990
196,Escape,Moderado,3.04,0.45,0.01,0.06,True,3446,Jeff Beck,1985,1980
197,Every Breath You Take,Moderado,3.3,0.78,0.25,0.04,True,3582,The Police,1983,1980
198,Every Little Step,Moderado,2.62,0.67,0.03,0.04,True,3158,Bobby Brown,1989,1980
199,Everybody's Talkin',Moderado,2.74,0.67,0.52,0.03,True,4325,Harry Nilsson,1969,1960
200,Fairytale,Lento,3.22,0.64,0.03,0.05,True,4114,The Pointer Sisters,1974,1970
201,Faith,Rápido,4.5,0.36,0.0,0.05,True,3220,George Michael,1988,1980
202,Fast Car,Rápido,5.07,0.39,0.81,0.04,True,3223,Tracy Chapman,1988,1980
203,Fearless,Moderado,2.34,0.77,0.14,0.32,True,1212,Taylor Swift,2009,2000
204,Fearless,Moderado,2.34,0.77,0.14,0.32,True,1252,Taylor Swift,2009,2000
205,Feel Good Inc.,Moderado,3.71,0.82,0.01,0.18,True,1659,Gorillaz Featuring De La Soul,2005,2000
206,Feel It Still,Lento,2.74,0.74,0.05,0.05,True,525,Portugal. The Man,2017,2010
207,Fireball,Moderado,3.93,0.83,0.07,0.04,True,3597,The New South,1983,1980
208,First Light,Rápido,2.68,0.25,0.95,0.04,True,4192,Freddie Hubbard,1972,1970
209,Fly,Moderado,3.47,0.7,0.04,0.03,True,2314,Dixie Chicks,1999,1990
210,Fly Away,Moderado,3.7,0.6,0.02,0.05,True,2389,Lenny Kravitz,1998,1990
211,For The Good Times,Lento,3.77,0.42,0.87,0.03,True,4292,Ray Price,1970,1970
212,Forever,Moderado,2.88,0.76,0.8,0.05,True,1055,"Corea, Clarke & White",2011,2010
213,Forgive Me,Moderado,5.63,0.63,0.02,0.03,True,3536,Donna Summer,1984,1980
214,Forgot About Dre,Moderado,3.7,0.92,0.08,0.08,True,2207,Dr. Dre Featuring Eminem,2000,2000
215,Free Fall,Moderado,6.95,0.8,0.06,0.06,True,3387,2+2 Plus,1986,1980
216,Freedom,Moderado,3.66,0.6,0.46,0.03,True,489,Soweto Gospel Choir,2018,2010
217,Friends,Lento,3.37,0.72,0.6,0.05,True,2436,Sly And Robbie,1998,1990
218,Friends,Lento,3.37,0.72,0.6,0.05,True,3919,Chick Corea,1978,1970
219,Front Porch,Moderado,3.86,0.57,0.89,0.03,True,267,Joy Williams,2019,2010
220,Frozen,Moderado,2.0,0.71,0.27,0.04,True,832,(Various Artists),2014,2010
221,Fuck You,Moderado,2.82,0.61,0.24,0.06,True,1128,Cee Lo Green,2010,2010
222,Funny How Time Slips Away,Lento,2.9,0.55,0.78,0.03,True,2747,Al Green & Lyle Lovett,1994,1990
223,Galvanize,Lento,6.56,0.74,0.01,0.08,True,1663,The Chemical Brothers Featuring Q-Tip,2005,2000
224,Games People Play,Moderado,2.79,0.58,0.58,0.04,True,4329,(Joe South),1969,1960
225,Games People Play,Moderado,2.79,0.58,0.58,0.04,True,4333,King Curtis,1969,1960
226,Gangsta's Paradise,Lento,4.01,0.65,0.07,0.06,True,2677,Coolio,1995,1990
227,Get Up,Lento,5.22,0.46,0.0,0.04,True,1370,Mary Mary,2008,2000
228,Giant Steps,Rápido,4.54,0.4,0.0,0.22,True,4147,Woody Herman,1973,1970
229,Girl,Lento,4.09,0.36,0.23,0.35,True,794,Pharrell Williams,2014,2010
230,Girl Crush,Rápido,3.22,0.5,0.84,0.03,True,717,Little Big Town,2015,2010
231,Give It Away,Lento,4.72,0.67,0.0,0.05,True,2919,Red Hot Chili Peppers,1992,1990
232,Glad He's Gone,Lento,3.27,0.8,0.08,0.07,True,428,Tove Lo,2019,2010
233,Glass Houses,Moderado,4.01,0.48,0.0,0.16,True,3777,Billy Joel,1980,1980
234,Glory,Lento,2.78,0.56,0.11,0.03,True,751,"Lonnie Lynn, Che Smith & John Stephens, songwriters (Common & John Legend)",2015,2010
235,Go Tell It On The Mountain,Moderado,2.9,0.51,0.84,0.03,True,1921,The Blind Boys Of Alabama,2003,2000
236,God Is Dead?,Moderado,8.87,0.38,0.0,0.03,True,870,Black Sabbath,2013,2010
237,God's Country,Moderado,3.41,0.54,0.06,0.04,True,141,Blake Shelton,2019,2010
238,God's Gonna Cut You Down,Lento,2.68,0.5,0.14,0.04,True,1540,Johnny Cash,2007,2000
239,Going Away,Lento,3.67,0.58,0.09,0.2,True,3400,Al Green,1986,1980
240,Golden Hour,Moderado,4.49,0.68,0.3,0.16,True,435,Kacey Musgraves,2018,2010
241,Golden Hour,Moderado,4.49,0.68,0.3,0.16,True,464,Kacey Musgraves,2018,2010
242,Good News,Moderado,6.33,0.6,0.15,0.22,True,2865,Kathy Mattea,1993,1990
243,Good Time,Moderado,5.11,0.65,0.04,0.04,True,268,Ranky Tanky,2019,2010
244,Got To Keep On,Moderado,5.28,0.72,0.05,0.05,True,53,The Chemical Brothers,2019,2010
245,Grace,Moderado,3.94,0.3,0.0,0.26,True,720,Paul Avgerinos,2015,2010
246,Grace,Moderado,3.94,0.3,0.0,0.26,True,1151,BeBe & CeCe Winans,2010,2010
247,Graceland,Lento,3.62,0.63,0.02,0.03,True,3295,Paul Simon,1987,1980
248,Graceland,Lento,3.62,0.63,0.02,0.03,True,3367,Paul Simon,1986,1980
249,Graduation,Moderado,1.8,0.36,0.97,0.05,True,1465,Kanye West,2007,2000
250,Gravedigger,Moderado,3.83,0.24,0.0,0.21,True,1881,Dave Matthews,2003,2000
251,Gravity,Lento,2.49,0.44,0.92,0.06,True,981,Lecrae,2012,2010
252,Gravity,Lento,2.49,0.44,0.92,0.06,True,1334,John Mayer,2008,2000
253,Growing Pains,Rápido,3.28,0.35,0.08,0.74,True,1349,Mary J. Blige,2008,2000
254,Guerrilla Radio,Lento,3.44,0.6,0.01,0.19,True,2194,Rage Against The Machine,2000,2000
255,Halo,Lento,7.2,0.41,0.0,0.04,True,1215,Beyoncé,2009,2000
256,Hammerhead,Moderado,7.41,0.51,0.0,0.06,True,1120,Jeff Beck,2010,2010
257,Happy,Moderado,3.7,0.55,0.44,0.12,True,856,Pharrell Williams,2014,2010
258,He Stopped Loving Her Today,Moderado,3.26,0.35,0.76,0.03,True,3787,George Jones,1980,1980
259,Heaven,Lento,3.28,0.69,0.03,0.06,True,1565,John Legend,2006,2000
260,Heaven,Lento,3.28,0.69,0.03,0.06,True,1766,Los Lonely Boys,2004,2000
261,Heaven And Earth,Moderado,5.04,0.36,0.0,0.04,True,2925,Al Jarreau,1992,1990
262,Hello,Lento,4.93,0.58,0.33,0.03,True,606,Adele,2016,2010
263,Hello,Lento,4.93,0.58,0.33,0.03,True,610,Adele,2016,2010
264,"Hello, Dolly!",Extremadamente Rápido,2.45,0.0,0.84,0.0,True,4546,Louis Armstrong,1964,1960
265,Help,Moderado,2.75,0.84,0.73,0.11,True,812,Erica Campbell,2014,2010
266,Here We Go Again,Lento,3.98,0.65,0.03,0.42,True,1760,Ray Charles & Norah Jones,2004,2000
267,Here We Go Again,Lento,3.98,0.65,0.03,0.42,True,1767,Ray Charles & Norah Jones,2004,2000
268,Hero,Moderado,2.86,0.71,0.16,0.03,True,1598,Kirk Franklin,2006,2000
269,Hey Baby,Moderado,3.68,0.63,0.05,0.04,True,1978,No Doubt,2002,2000
270,High Life,Moderado,2.59,0.61,0.01,0.06,True,2600,Wayne Shorter,1996,1990
271,High Lonesome Sound,Lento,3.61,0.63,0.4,0.03,True,2594,Vince Gill Featuring Alison Krauss & Union Station,1996,1990
272,Higher,Lento,3.4,0.72,0.34,0.04,True,123,DJ Khaled Featuring Nipsey Hussle & John Legend,2019,2010
273,Higher Love,Lento,3.8,0.69,0.02,0.03,True,3366,Steve Winwood,1986,1980
274,Higher Love,Lento,3.8,0.69,0.02,0.03,True,3371,Steve Winwood,1986,1980
275,His Name Is Jesus,Moderado,5.35,0.43,0.03,0.05,True,211,Tim Menzies,2019,2010
276,Hold Me,Moderado,2.11,0.6,0.31,0.25,True,3246,K.T. Oslin,1988,1980
277,Holy Roar,Moderado,4.2,0.44,0.0,0.05,True,207,Chris Tomlin,2019,2010
278,Home,Moderado,2.94,0.4,0.94,0.04,True,745,Tim Kubart,2015,2010
279,Home,Moderado,2.94,0.4,0.94,0.04,True,2013,Dixie Chicks,2002,2000
280,Homecoming,Moderado,4.78,0.3,0.7,0.04,True,429,Beyoncé,2019,2010
281,Homecoming,Moderado,4.78,0.3,0.7,0.04,True,3026,The Gaither Vocal Band,1991,1990
282,Hot Stuff,Moderado,5.25,0.82,0.01,0.03,True,3836,Donna Summer,1979,1970
283,Hourglass,Lento,2.04,0.43,1.0,0.05,True,2481,James Taylor,1997,1990
284,How Deep Is Your Love,Lento,4.09,0.63,0.1,0.03,True,452,PJ Morton Featuring Yebba,2018,2010
285,How Deep Is Your Love,Lento,4.09,0.63,0.1,0.03,True,3956,Bee Gees,1977,1970
286,How Do I Live,Moderado,4.45,0.58,0.13,0.03,True,2500,Trisha Yearwood,1997,1990
287,How Far I'll Go,Lento,2.72,0.57,0.65,0.05,True,581,"Lin-Manuel Miranda, songwriter (Auli'i Cravalho)",2017,2010
288,How Great Thou Art,Moderado,4.91,0.46,0.29,0.03,True,4117,Elvis Presley,1974,1970
289,How Great Thou Art,Moderado,4.91,0.46,0.29,0.03,True,4424,Elvis Presley,1967,1960
290,How Long,Moderado,3.35,0.84,0.21,0.08,True,1468,Eagles,2007,2000
291,HUMBLE.,Moderado,2.95,0.91,0.0,0.1,True,541,Kendrick Lamar,2017,2010
292,HUMBLE.,Moderado,2.95,0.91,0.0,0.1,True,604,Kendrick Lamar,2017,2010
293,Hurt,Moderado,2.12,0.61,0.89,0.03,True,1970,Johnny Cash,2003,2000
294,Hurts So Good,Moderado,3.48,0.67,0.08,0.05,True,3653,John Cougar Mellencamp,1982,1980
295,I,Lento,1.29,0.18,0.99,0.05,True,796,Kendrick Lamar,2014,2010
296,I Apologize,Lento,4.05,0.5,0.0,0.05,True,2672,Anita Baker,1995,1990
297,I Believe In You,Moderado,4.11,0.51,0.88,0.05,True,3324,Deniece Williams,1987,1980
298,I Can't Help It (If I'm Still In Love With You),Moderado,2.43,0.68,0.71,0.04,True,4063,Linda Ronstadt,1975,1970
299,I Can't Stop Loving You,Lento,2.57,0.6,0.95,0.03,True,4664,Ray Charles,1962,1960
300,I Gotta Feeling,Moderado,4.82,0.75,0.05,0.03,True,1217,The Black Eyed Peas,2009,2000
301,I Know A Place,Rápido,2.16,0.22,0.34,0.06,True,4515,Petula Clark,1965,1960
302,I Surrender All,Lento,2.39,0.45,0.99,0.11,True,3399,Deniece Williams,1986,1980
303,I Swear,Lento,1.64,0.57,0.39,0.03,True,2746,All-4-One,1994,1990
304,I Try,Moderado,4.18,0.72,0.0,0.04,True,2182,Macy Gray,2000,2000
305,I Wanna Dance With Somebody (Who Loves Me),Moderado,2.54,0.8,0.4,0.04,True,3299,Whitney Houston,1987,1980
306,I Will Survive,Moderado,4.94,0.77,0.02,0.05,True,3845,Gloria Gaynor,1979,1970
307,I Wish,Moderado,3.03,0.69,0.09,0.04,True,4010,Stevie Wonder,1976,1970
308,I'll Make Love To You,Moderado,3.95,0.56,0.1,0.02,True,2762,Boyz II Men,1994,1990
309,I'll Never Fall In Love Again,Moderado,3.74,0.3,0.84,0.03,True,4281,Dionne Warwick,1970,1970
310,I'm Like A Bird,Lento,4.05,0.62,0.15,0.04,True,2080,Nelly Furtado,2001,2000
311,I'm Ready,Lento,3.24,0.42,0.8,0.03,True,3909,Muddy Waters,1978,1970
312,Icky Thump,Lento,4.24,0.42,0.02,0.09,True,1446,The White Stripes,2007,2000
313,Icky Thump,Lento,4.24,0.42,0.02,0.09,True,1452,The White Stripes,2007,2000
314,If I Ain't Got You,Moderado,3.81,0.61,0.6,0.11,True,1782,Alicia Keys,2004,2000
315,If I Ever Lose My Faith In You,Rápido,4.57,0.38,0.07,0.04,True,2833,Sting,1993,1990
316,If I Were A Carpenter,Moderado,2.58,0.42,0.63,0.03,True,4293,Johnny Cash And June Carter,1970,1970
317,If It Makes You Happy,Lento,5.42,0.53,0.05,0.03,True,2574,Sheryl Crow,1996,1990
318,If You Leave Me Now,Lento,3.92,0.43,0.02,0.03,True,4007,Chicago,1976,1970
319,II,Moderado,2.12,0.47,0.99,0.04,True,2764,Boyz II Men,1994,1990
320,Imagine,Moderado,4.07,0.3,0.02,0.03,True,1109,"Herbie Hancock, Pink, India.Arie, Seal, Konono No 1, Jeff Beck & Oumou Sangare",2010,2010
321,In My Dreams,Lento,5.18,0.43,0.0,0.15,True,3525,Emmylou Harris,1984,1980
322,In My Place,Moderado,3.21,0.52,0.95,0.03,True,1987,Coldplay,2002,2000
323,In The End,Rápido,3.36,0.43,0.0,0.11,True,85,The Cranberries,2019,2010
324,In The Ghetto,Lento,2.65,0.58,0.01,0.03,True,4111,James Cleveland & The Southern California Community Choir,1974,1970
325,Indestructible,Rápido,4.63,0.43,0.0,0.07,True,221,Flor De Toloache,2019,2010
326,Infinity,Moderado,3.37,0.74,0.01,0.08,True,2692,McCoy Tyner Trio & Michael Brecker,1995,1990
327,Inside,Rápido,5.12,0.4,0.01,0.04,True,2317,David Sanborn,1999,1990
328,Is This Love,Moderado,3.87,0.78,0.11,0.1,True,1040,Corinne Bailey Rae,2011,2010
329,It Was A Very Good Year,Moderado,3.3,0.7,0.04,0.03,True,4498,Frank Sinatra,1965,1960
330,It's Too Late,Moderado,4.06,0.52,0.14,0.04,True,4228,Carole King,1971,1970
331,Jackson,Moderado,2.81,0.64,0.19,0.04,True,4430,Johnny Cash & June Carter,1967,1960
332,Java,Lento,2.03,0.52,0.62,0.03,True,4598,Al Hirt,1963,1960
333,Jerome,Lento,1.93,0.76,0.54,0.3,True,98,Lizzo,2019,2010
334,Jesus,Lento,4.15,0.44,0.01,0.03,True,1057,Le'Andria Johnson,2011,2010
335,Jesus Freak,Lento,4.18,0.45,0.05,0.09,True,2606,dc Talk,1996,1990
336,Jolene,Moderado,2.69,0.67,0.57,0.04,True,632,Pentatonix Featuring Dolly Parton,2016,2010
337,Journey,Lento,3.72,0.58,0.36,0.36,True,2780,McCoy Tyner Big Band,1994,1990
338,Just Like You,Rápido,3.11,0.37,0.0,0.03,True,2616,Keb' Mo',1996,1990
339,Just The Way You Are,Moderado,3.6,0.61,0.01,0.04,True,1107,Bruno Mars,2010,2010
340,Just The Way You Are,Moderado,3.6,0.61,0.01,0.04,True,3886,Billy Joel,1978,1970
341,Keep On,Rápido,4.71,0.66,0.03,0.18,True,262,Southern Avenue,2019,2010
342,Killing Me Softly With His Song,Moderado,4.78,0.48,0.73,0.03,True,2585,Fugees,1996,1990
343,Killing Me Softly With His Song,Moderado,4.78,0.48,0.73,0.03,True,4135,Roberta Flack,1973,1970
344,Killing Me Softly With His Song,Moderado,4.78,0.48,0.73,0.03,True,4148,Roberta Flack,1973,1970
345,Kiss,Moderado,4.01,0.46,0.04,0.19,True,3381,Prince & The Revolution,1986,1980
346,L-O-V-E,Lento,2.59,0.42,0.69,0.08,True,4211,Blackwood Brothers,1972,1970
347,La La Land,Moderado,4.13,0.57,0.99,0.2,True,579,(Various Artists),2017,2010
348,Last Dance,Moderado,2.97,0.38,0.02,0.22,True,2479,Sarah McLachlan,1997,1990
349,Last Dance,Moderado,2.97,0.38,0.02,0.22,True,3894,Donna Summer,1978,1970
350,Lazaretto,Moderado,3.66,0.38,0.0,0.07,True,786,Jack White,2014,2010
351,Leave Me Alone,Lento,2.26,0.48,0.78,0.07,True,3199,Michael Jackson,1989,1980
352,Legacy,Moderado,3.31,0.59,0.02,0.04,True,2037,Doc Watson & David Holt,2002,2000
353,Legend,Moderado,3.41,0.77,0.64,0.26,True,1971,(Sam Cooke),2003,2000
354,Lemonade,Moderado,2.78,0.79,0.28,0.04,True,625,Beyoncé,2016,2010
355,Lenny,Moderado,4.96,0.51,0.78,0.04,True,4215,(Original Cast),1972,1970
356,Let It Go,Moderado,4.26,0.6,0.82,0.03,True,834,"Kristen Anderson-Lopez & Robert Lopez, songwriters (Idina Menzel)",2014,2010
357,Let's Make Love,Moderado,4.21,0.35,0.34,0.03,True,2212,Faith Hill & Tim McGraw,2000,2000
358,Let's Roll,Moderado,4.06,0.76,0.0,0.09,True,1931,Etta James,2003,2000
359,Let's Twist Again,Moderado,2.29,0.6,0.1,0.16,True,4693,Chubby Checker,1961,1960
360,Light My Fire,Moderado,2.75,0.49,0.0,0.04,True,4370,Jose Feliciano,1968,1960
361,Linked,Moderado,6.16,0.71,0.54,0.04,True,54,Bonobo,2019,2010
362,Little Liza Jane,Rápido,1.69,0.4,0.45,0.04,True,2504,Alison Krauss & Union Station,1997,1990
363,Little Things,Lento,3.14,0.65,0.89,0.03,True,1998,India.Arie,2002,2000
364,Little Wing,Lento,2.43,0.52,0.18,0.08,True,2921,Stevie Ray Vaughan & Double Trouble,1992,1990
365,Live,Moderado,2.8,0.81,0.82,0.03,True,1910,Alison Krauss & Union Station,2003,2000
366,Live,Moderado,2.8,0.81,0.82,0.03,True,2871,Selena,1993,1990
367,Livin' On The Edge,Lento,6.35,0.4,0.0,0.03,True,2838,Aerosmith,1993,1990
368,Lonely Boy,Moderado,4.41,0.59,0.04,0.03,True,953,The Black Keys,2012,2010
369,Long Journey Home,Lento,1.97,0.48,0.87,0.18,True,2434,The Chieftains,1998,1990
370,Lose Control,Moderado,3.78,0.66,0.15,0.05,True,1758,Missy Elliott Featuring Ciara & Fat Man Scoop,2005,2000
371,Lose Yourself,Rápido,2.38,0.55,0.01,0.12,True,1898,Eminem,2003,2000
372,Losing My Religion,Moderado,4.51,0.68,0.01,0.03,True,643,Kirk Franklin,2016,2010
373,Losing My Religion,Moderado,4.51,0.68,0.01,0.03,True,2994,R.E.M.,1991,1990
374,Losing My Religion,Moderado,4.51,0.68,0.01,0.03,True,3047,R.E.M.,1991,1990
375,Lost Highway,Rápido,2.02,0.33,0.0,0.18,True,1469,Willie Nelson & Ray Price,2007,2000
376,Love,Moderado,6.3,0.54,0.96,0.03,True,1513,(The Beatles),2007,2000
377,Love Again,Moderado,3.18,0.68,0.09,0.05,True,94,Daniel Caesar & Brandy,2019,2010
378,Love Is Strong,Moderado,3.62,0.83,0.05,0.06,True,2826,The Rolling Stones,1994,1990
379,Love Song,Moderado,4.49,0.63,0.63,0.05,True,4112,Anne Murray,1974,1970
380,Lover,Moderado,3.17,0.83,0.2,0.11,True,52,Taylor Swift,2019,2010
381,Lovers Rock,Lento,3.57,0.56,0.0,0.04,True,2087,Sade,2001,2000
382,Lucille,Moderado,2.4,0.68,0.59,0.07,True,3969,Kenny Rogers,1977,1970
383,Lucky,Moderado,3.13,0.63,0.54,0.04,True,1218,Jason Mraz & Colbie Caillat,2009,2000
384,Mama Said Knock You Out,Lento,4.83,0.79,0.03,0.13,True,3009,LL Cool J,1991,1990
385,Man! I Feel Like A Woman!,Moderado,3.91,0.66,0.58,0.04,True,2308,Shania Twain,1999,1990
386,Maria Maria,Moderado,3.25,0.65,0.04,0.14,True,2284,Santana,1999,1990
387,Marooned,Moderado,4.86,0.17,0.0,0.04,True,2756,Pink Floyd,1994,1990
388,Mercy,Lento,2.71,0.84,0.07,0.09,True,2783,Andrae Crouch,1994,1990
389,Mi Tierra,Lento,4.28,0.18,0.0,0.04,True,2870,Gloria Estefan,1993,1990
390,Midnight Flyer,Moderado,2.01,0.54,0.73,0.03,True,4772,"Nat ""King"" Cole",1959,1950
391,Mind Control,Moderado,6.68,0.68,0.0,0.05,True,1504,Stephen Marley,2007,2000
392,Moon River,Lento,4.86,0.41,0.92,0.03,True,4668,Henry Mancini,1961,1960
393,Musician,Moderado,3.98,0.62,0.01,0.03,True,3450,Ernie Watts,1985,1980
394,My Church,Lento,3.3,0.52,0.24,0.04,True,631,Maren Morris,2016,2010
395,My Humps,Moderado,5.45,0.8,0.11,0.22,True,1548,The Black Eyed Peas,2006,2000
396,My Life,Moderado,4.73,0.74,0.11,0.04,True,1835,Bill Clinton,2004,2000
397,My Love,Moderado,7.53,0.8,0.01,0.04,True,1574,Justin Timberlake Featuring T.I.,2006,2000
398,My Way,Moderado,3.65,0.82,0.09,0.04,True,440,Willie Nelson,2018,2010
399,Nadie Como Tu,Rápido,4.1,0.73,0.55,0.06,True,2135,Solido,2001,2000
400,Necesito De Ti,Moderado,3.29,0.65,0.19,0.04,True,1270,Vicente Fernández,2009,2000
401,Need You Now,Moderado,3.03,0.67,0.01,0.04,True,1102,Lady Antebellum,2010,2010
402,Need You Now,Moderado,3.03,0.67,0.01,0.04,True,1139,Lady Antebellum,2010,2010
403,Need You Now,Moderado,3.03,0.67,0.01,0.04,True,1143,Lady Antebellum,2010,2010
404,Nessun Dorma,Lento,2.97,0.17,0.91,0.03,True,1110,Jeff Beck,2010,2010
405,No Diggity,Lento,5.08,0.87,0.3,0.29,True,2494,Blackstreet,1997,1990
406,No Geography,Moderado,3.17,0.37,0.12,0.06,True,58,The Chemical Brothers,2019,2010
407,No One,Lento,4.23,0.64,0.02,0.03,True,1453,Alicia Keys,2007,2000
408,No Ordinary Love,Moderado,7.34,0.63,0.47,0.04,True,2846,Sade,1993,1990
409,No Problem,Rápido,4.18,0.56,0.0,0.09,True,627,Chance The Rapper Featuring Lil Wayne & 2 Chainz,2016,2010
410,No Scrubs,Moderado,2.8,0.86,0.19,0.05,True,2301,TLC,1999,1990
411,No Way Out,Moderado,3.9,0.44,0.0,0.11,True,2499,Puff Daddy & The Family,1997,1990
412,Nocturne,Moderado,4.48,0.48,0.95,0.03,True,2122,Charlie Haden,2001,2000
413,Not Afraid,Moderado,4.14,0.86,0.53,0.26,True,1132,Eminem,2010,2010
414,Nothing Without You,Moderado,5.12,0.54,0.05,0.03,True,1815,Smokie Norful,2004,2000
415,Oasis,Moderado,6.75,0.33,0.01,0.05,True,220,J Balvin & Bad Bunny,2019,2010
416,Oklahoma,Moderado,3.71,0.6,0.02,0.03,True,243,Keb' Mo',2019,2010
417,Old Town Road,Moderado,1.88,0.91,0.06,0.13,True,6,Lil Nas X Featuring Billy Ray Cyrus,2019,2010
418,Old Town Road,Moderado,1.88,0.91,0.06,0.13,True,38,Lil Nas X Featuring Billy Ray Cyrus,2019,2010
419,On & On,Lento,4.66,0.75,0.41,0.08,True,2492,Erykah Badu,1997,1990
420,One,Moderado,5.04,0.56,0.0,0.04,True,3156,Metallica,1989,1980
421,One By One,Lento,5.5,0.41,0.0,0.08,True,1887,Foo Fighters,2003,2000
422,One Headlight,Lento,5.21,0.7,0.0,0.03,True,2485,The Wallflowers,1997,1990
423,Opus,Moderado,9.06,0.28,0.0,0.04,True,228,Marc Anthony,2019,2010
424,Out Of Time,Moderado,3.23,0.69,0.57,0.03,True,3003,R.E.M.,1991,1990
425,Own The Night,Moderado,3.0,0.58,0.01,0.22,True,1051,Lady Antebellum,2011,2010
426,Paul,Rápido,3.77,0.37,0.0,0.15,True,117,PJ Morton,2019,2010
427,Peter Gunn,Moderado,3.17,0.44,0.0,0.05,True,3378,The Art Of Noise Featuring Duane Eddy,1986,1980
428,Piece Of Your Heart,Moderado,2.55,0.68,0.04,0.03,True,55,Meduza Featuring Goodboys,2019,2010
429,Pink,Rápido,3.92,0.43,0.01,0.04,True,2390,Aerosmith,1998,1990
430,Plush,Moderado,5.17,0.42,0.0,0.05,True,2839,Stone Temple Pilots,1993,1990
431,Poker Face,Moderado,3.98,0.85,0.11,0.08,True,1222,Lady Gaga,2009,2000
432,Politics,Lento,5.89,0.51,0.88,0.94,True,3239,Yellowjackets,1988,1980
433,Pork And Beans,Moderado,3.16,0.6,0.01,0.03,True,1429,Weezer,2008,2000
434,Pray,Rápido,4.52,0.39,0.0,0.09,True,1702,CeCe Winans,2005,2000
435,Pray,Rápido,4.52,0.39,0.0,0.09,True,2323,Rebecca St. James,1999,1990
436,Prototype,Lento,4.21,0.69,0.31,0.07,True,530,Jeff Lorber Fusion,2017,2010
437,Proud Mary,Moderado,3.02,0.4,0.25,0.14,True,4243,Ike & Tina Turner,1971,1970
438,Radioactive,Moderado,3.22,0.53,0.03,0.03,True,869,Imagine Dragons,2013,2010
439,Rapture,Lento,4.99,0.72,0.11,0.05,True,273,Koffee,2019,2010
440,Rapture,Lento,4.99,0.72,0.11,0.05,True,3379,Anita Baker,1986,1980
441,Ray,Moderado,6.91,0.57,0.02,0.03,True,1731,Ray Charles,2005,2000
442,Rebirth,Moderado,4.03,0.55,0.0,0.13,True,552,Billy Childs,2017,2010
443,Rebirth,Moderado,4.03,0.55,0.0,0.13,True,992,Jimmy Cliff,2012,2010
444,Recovery,Moderado,4.84,0.46,0.1,0.06,True,1136,Eminem,2010,2010
445,Rehab,Lento,3.58,0.41,0.05,0.06,True,1431,Amy Winehouse,2007,2000
446,Rehab,Lento,3.58,0.41,0.05,0.06,True,1435,Amy Winehouse,2007,2000
447,Rejoice,Moderado,2.92,0.55,0.06,0.1,True,3793,Shirley Caesar,1980,1980
448,Relapse,Lento,4.18,0.56,0.0,0.07,True,1245,Eminem,2009,2000
449,Remedy,Moderado,4.09,0.4,0.89,0.04,True,824,Old Crow Medicine Show,2014,2010
450,Reptile,Moderado,16.73,0.28,0.0,0.12,True,2084,Eric Clapton,2001,2000
451,Respect,Lento,3.96,0.66,0.0,0.12,True,4420,Aretha Franklin,1967,1960
452,Respect,Lento,3.96,0.66,0.0,0.12,True,4421,Aretha Franklin,1967,1960
453,Restless,Moderado,1.35,0.16,0.91,0.05,True,1689,Alison Krauss And Union Station,2005,2000
454,Restless,Moderado,1.35,0.16,0.91,0.05,True,3020,"Ricky Skaggs, Steve Wariner & Vince Gill",1991,1990
455,Resurrection,Moderado,4.59,0.58,0.0,0.08,True,2330,Chris Perez Band,1999,1990
456,Returning,Lento,2.34,0.33,0.99,0.03,True,1803,Will Ackerman,2004,2000
457,Revenge,Moderado,2.12,0.77,0.28,0.32,True,4411,Bill Cosby,1967,1960
458,Right Now,Lento,3.23,0.82,0.13,0.37,True,296,Aziz Ansari,2019,2010
459,Rise,Lento,3.37,0.57,0.93,0.04,True,3835,Herb Alpert,1979,1970
460,Rise And Shine,Lento,2.87,0.68,0.11,0.04,True,1920,Randy Travis,2003,2000
461,Rockit,Moderado,2.59,0.87,0.0,0.06,True,3591,Herbie Hancock,1983,1980
462,Route 66,Lento,2.86,0.69,0.9,0.04,True,3685,The Manhattan Transfer,1982,1980
463,Royals,Moderado,2.92,0.72,0.51,0.07,True,862,Lorde,2013,2010
464,Runnin',Lento,4.94,0.75,0.03,0.18,True,3897,"Earth, Wind & Fire",1978,1970
465,Sail On,Moderado,4.05,0.46,0.46,0.04,True,3963,The Imperials,1977,1970
466,Sailing,Moderado,4.27,0.47,0.36,0.04,True,3768,Christopher Cross,1980,1980
467,Saturn,Moderado,1.6,0.76,0.89,0.06,True,111,NAO,2019,2010
468,Say,Moderado,3.84,0.48,0.54,0.03,True,1325,John Mayer,2008,2000
469,Say My Name,Lento,3.92,0.53,0.34,0.22,True,2202,Destiny's Child,2000,2000
470,Say Something,Moderado,3.89,0.45,0.87,0.04,True,780,A Great Big World With Christina Aguilera,2014,2010
471,Schism,Lento,6.73,0.57,0.0,0.03,True,2093,Tool,2001,2000
472,Scream,Moderado,3.32,0.66,0.0,0.05,True,2738,Michael Jackson & Janet Jackson,1995,1990
473,Señorita,Lento,5.01,0.68,0.58,0.05,True,42,Shawn Mendes & Camila Cabello,2019,2010
474,Shallow,Lento,3.56,0.65,0.78,0.03,True,439,Lady Gaga & Bradley Cooper,2018,2010
475,Shape Of You,Lento,3.67,0.56,0.79,0.05,True,524,Ed Sheeran,2017,2010
476,Shine,Lento,2.86,0.68,0.28,0.16,True,2108,Dolly Parton,2001,2000
477,Shining Star,Lento,3.93,0.63,0.32,0.05,True,3782,Manhattans,1980,1980
478,Shining Star,Lento,3.93,0.63,0.32,0.05,True,4059,"Earth, Wind & Fire",1975,1970
479,Simply Irresistible,Moderado,4.24,0.65,0.13,0.05,True,3228,Robert Palmer,1988,1980
480,Sincera,Moderado,3.6,0.28,0.97,0.04,True,476,Claudia Brant,2018,2010
481,Skin,Rápido,3.99,0.56,0.26,0.31,True,615,Flume,2016,2010
482,Skyfall,Lento,4.77,0.35,0.42,0.03,True,917,"Adele Adkins & Paul Epworth, songwriters (Adele)",2013,2010
483,Sleepwalk,Rápido,3.17,0.32,0.04,0.04,True,2384,The Brian Setzer Orchestra,1998,1990
484,Slither,Moderado,4.14,0.47,0.0,0.11,True,1776,Velvet Revolver,2004,2000
485,Slow Down,Lento,3.13,0.77,0.94,0.06,True,2433,Keb' Mo',1998,1990
486,Solo,Moderado,4.9,0.58,0.11,0.04,True,2123,dc Talk,2001,2000
487,Somebody That I Used To Know,Moderado,4.1,0.75,0.88,0.04,True,942,Gotye Featuring Kimbra,2012,2010
488,Somebody That I Used To Know,Moderado,4.1,0.75,0.88,0.04,True,947,Gotye Featuring Kimbra,2012,2010
489,Someone Like You,Moderado,4.75,0.56,0.89,0.03,True,1028,Adele,2011,2010
490,Something,Rápido,3.62,0.4,0.01,0.07,True,874,Snarky Puppy With Lalah Hathaway,2013,2010
491,Soul Man,Moderado,6.16,0.74,0.1,0.06,True,4423,Sam And Dave,1967,1960
492,Southside,Moderado,3.5,0.86,0.12,0.3,True,1462,Common Featuring Kanye West,2007,2000
493,Speechless,Moderado,3.56,0.62,0.36,0.03,True,143,Dan + Shay,2019,2010
494,Speechless,Moderado,3.56,0.62,0.36,0.03,True,2324,Steven Curtis Chapman,1999,1990
495,Spirit,Moderado,4.0,0.43,0.0,0.08,True,34,Beyoncé,2019,2010
496,Spoonman,Lento,4.12,0.46,0.0,0.03,True,2755,Soundgarden,1994,1990
497,Spread Love,Moderado,4.98,0.72,0.01,0.04,True,3242,Take 6,1988,1980
498,St. Anger,Lento,7.35,0.4,0.0,0.05,True,1884,Metallica,2003,2000
499,Starboy,Moderado,7.15,0.8,0.0,0.05,True,539,The Weeknd,2017,2010
500,Stay,Moderado,4.62,0.48,0.0,0.11,True,1357,Sugarland,2008,2000
501,Step Back,Moderado,3.31,0.62,0.01,0.09,True,823,Johnny Winter,2014,2010
502,Steppin' Out,Moderado,4.38,0.58,0.04,0.03,True,864,Herb Alpert,2013,2010
503,Steppin' Out,Moderado,4.38,0.58,0.04,0.03,True,2835,Tony Bennett,1993,1990
504,Sticks & Stones,Moderado,2.65,0.68,0.66,0.27,True,293,Dave Chappelle,2019,2010
505,Still,Lento,4.8,0.21,0.84,0.04,True,1157,BeBe & CeCe Winans,2010,2010
506,Stressed Out,Rápido,3.37,0.73,0.05,0.14,True,611,Twenty One Pilots,2016,2010
507,Stronger,Moderado,3.25,0.45,0.13,0.04,True,949,Kelly Clarkson,2012,2010
508,Stronger,Moderado,3.25,0.45,0.13,0.04,True,1461,Kanye West,2007,2000
509,Sucker,Moderado,3.02,0.84,0.04,0.06,True,40,Jonas Brothers,2019,2010
510,Summertime,Rápido,3.97,0.3,0.09,0.03,True,3010,D.J. Jazzy Jeff & The Fresh Prince,1991,1990
511,Sunflower,Lento,3.03,0.57,0.96,0.04,True,8,Post Malone & Swae Lee,2019,2010
512,Sunflower,Lento,3.03,0.57,0.96,0.04,True,41,Post Malone & Swae Lee,2019,2010
513,Sunrise,Moderado,3.3,0.43,0.03,0.04,True,1764,Norah Jones,2004,2000
514,Supernatural,Moderado,3.82,0.46,0.0,0.05,True,2279,Santana,1999,1990
515,Supernatural,Moderado,3.82,0.46,0.0,0.05,True,2297,Santana,1999,1990
516,Superstition,Lento,4.46,0.61,0.06,0.07,True,4153,Stevie Wonder,1973,1970
517,Survivor,Moderado,2.72,0.72,0.01,0.05,True,2100,Destiny's Child,2001,2000
518,Sweet Child O' Mine,Moderado,5.91,0.45,0.09,0.04,True,2290,Sheryl Crow,1999,1990
519,Take Care,Moderado,3.2,0.8,0.09,0.04,True,966,Drake,2012,2010
520,Take Me Back,Moderado,2.65,0.64,0.41,0.04,True,4062,Andrae Crouch & The Disciples,1975,1970
521,Talk,Moderado,3.97,0.57,0.01,0.08,True,5,Khalid,2019,2010
522,Tears In Heaven,Lento,4.68,0.75,0.92,0.03,True,2907,Eric Clapton,1992,1990
523,Tears In Heaven,Lento,4.68,0.75,0.92,0.03,True,2912,Eric Clapton,1992,1990
524,Tell Me Something Good,Moderado,4.16,0.81,0.01,0.04,True,4108,Rufus,1974,1970
525,Tennessee,Moderado,5.15,0.62,0.73,0.04,True,2930,Arrested Development,1992,1990
526,Tequila,Lento,3.28,0.49,0.03,0.03,True,462,Dan + Shay,2018,2010
527,Tequila,Lento,3.28,0.49,0.03,0.03,True,4795,The Champs,1958,1950
528,Testimony,Moderado,2.73,0.43,0.99,0.05,True,208,Gloria Gaynor,2019,2010
529,"thank u, next",Lento,3.46,0.72,0.23,0.07,True,12,Ariana Grande,2019,2010
530,"thank u, next",Lento,3.46,0.72,0.23,0.07,True,50,Ariana Grande,2019,2010
531,That's What I Like,Moderado,3.44,0.85,0.01,0.04,True,536,Bruno Mars,2017,2010
532,The Best Is Yet To Come,Lento,2.7,0.51,0.87,0.03,True,3619,Ella Fitzgerald,1983,1980
533,The Boy Is Mine,Lento,3.99,0.66,0.31,0.04,True,2399,Brandy & Monica,1998,1990
534,The Boys Of Summer,Rápido,4.81,0.52,0.5,0.04,True,3444,Don Henley,1985,1980
535,The Calling,Moderado,3.94,0.82,0.07,0.05,True,2118,Dianne Reeves,2001,2000
536,The Calling,Moderado,3.94,0.82,0.07,0.05,True,2295,Santana Featuring Eric Clapton,1999,1990
537,The First Time Ever I Saw Your Face,Moderado,4.23,0.42,0.93,0.04,True,4181,Roberta Flack,1972,1970
538,The Gambler,Lento,4.05,0.79,0.02,0.09,True,3847,Kenny Rogers,1979,1970
539,The Gathering,Moderado,2.66,0.46,0.0,0.08,True,2021,Caribbean Jazz Project,2002,2000
540,The Girl From Ipanema,Moderado,3.34,0.54,0.71,0.03,True,4540,Stan Getz & Astrud Gilberto,1964,1960
541,The Joke,Lento,4.66,0.24,0.33,0.04,True,480,Brandi Carlile,2018,2010
542,The Lucky One,Moderado,3.61,0.67,0.07,0.03,True,2110,Alison Krauss & Union Station,2001,2000
543,The Pretender,Rápido,4.49,0.43,0.0,0.04,True,1447,Foo Fighters,2007,2000
544,The Real Slim Shady,Lento,4.74,0.95,0.03,0.06,True,2206,Eminem,2000,2000
545,The Reason,Lento,3.88,0.47,0.01,0.03,True,1155,Diamond Rio,2010,2010
546,The Reason Why,Lento,2.92,0.64,0.01,0.04,True,1578,Vince Gill,2006,2000
547,The Resistance,Moderado,3.87,0.48,0.0,0.06,True,1122,Muse,2010,2010
548,The Rising,Moderado,3.67,0.54,0.08,0.05,True,1986,Bruce Springsteen,2002,2000
549,The Rising,Moderado,3.67,0.54,0.08,0.05,True,1992,Bruce Springsteen,2002,2000
550,The Rose,Moderado,3.87,0.4,0.92,0.03,True,3772,Bette Midler,1980,1980
551,The Thrill Is Gone,Lento,5.41,0.55,0.34,0.03,True,4287,B.B. King,1970,1970
552,The Wind,Lento,8.4,0.06,0.84,0.09,True,1933,Warren Zevon,2003,2000
553,There's A Tear In My Beer,Moderado,2.8,0.58,0.99,0.03,True,3174,"Hank Williams, Jr., & Hank Williams, Sr.",1989,1980
554,These Days,Moderado,2.61,0.58,0.76,0.03,True,1472,Vince Gill,2007,2000
555,Thinking Of You,Moderado,4.0,0.76,0.15,0.08,True,2217,Kitaro,2000,2000
556,Thinking Out Loud,Lento,4.23,0.74,0.38,0.04,True,695,Ed Sheeran,2015,2010
557,This Is It,Moderado,2.82,0.73,0.04,0.04,True,3773,Kenny Loggins,1980,1980
558,This Love,Moderado,3.75,0.41,0.74,0.03,True,1658,Maroon 5,2005,2000
559,This Side,Rápido,3.56,0.51,0.31,0.04,True,2038,Nickel Creek,2002,2000
560,Thriller,Moderado,3.82,0.68,0.01,0.09,True,3577,Michael Jackson,1983,1980
561,Thriller,Moderado,3.82,0.68,0.01,0.09,True,3581,Michael Jackson,1983,1980
562,Tighten Up,Moderado,3.85,0.57,0.02,0.05,True,1117,The Black Keys,2010,2010
563,Timeless,Moderado,3.73,0.71,0.42,0.04,True,3385,Diane Schuur,1986,1980
564,To Be Loved,Rápido,6.73,0.36,0.84,0.04,True,868,Michael Bublé,2013,2010
565,"Toil, Tears & Trouble",Moderado,2.68,0.57,0.16,0.03,True,250,The Po’ Ramblin’ Boys,2019,2010
566,Tomorrow,Moderado,4.17,0.52,0.77,0.03,True,3469,The Winans,1985,1980
567,Too Bad,Moderado,3.87,0.6,0.0,0.04,True,72,Rival Sons,2019,2010
568,Top Gun Anthem,Lento,2.48,0.45,0.0,0.03,True,3373,Harold Faltermeyer & Steve Stevens,1986,1980
569,Toxic,Moderado,3.07,0.8,0.31,0.04,True,1771,Britney Spears,2004,2000
570,Triumph,Moderado,2.65,0.67,0.01,0.13,True,3397,Philip Bailey,1986,1980
571,Trouble,Lento,3.74,0.43,0.04,0.05,True,1880,Pink,2003,2000
572,True Love,Moderado,3.25,0.48,0.25,0.07,True,1829,Toots & The Maytals,2004,2000
573,Truly,Lento,4.07,0.45,0.14,0.03,True,3649,Lionel Richie,1982,1980
574,Truth Hurts,Moderado,2.89,0.72,0.11,0.11,True,7,Lizzo,2019,2010
575,Truth Hurts,Moderado,2.89,0.72,0.11,0.11,True,33,Lizzo,2019,2010
576,Tunnel Vision,Rápido,4.47,0.5,0.06,0.29,True,200,Gene Moore,2019,2010
577,Turn Around,Lento,3.86,0.53,0.29,0.06,True,1594,Jonny Lang,2006,2000
578,Umbrella,Moderado,3.16,0.77,0.0,0.06,True,1463,Rihanna Featuring Jay-Z,2007,2000
579,Unchained,Moderado,5.64,0.29,0.0,0.12,True,2506,Johnny Cash,1997,1990
580,Underwater,Moderado,2.97,0.66,0.4,0.04,True,56,RÜFÜS DU SOL,2019,2010
581,Unexpected,Moderado,4.84,0.63,0.0,0.04,True,475,Jason Crabb,2018,2010
582,Unforgettable,Lento,3.9,0.73,0.03,0.12,True,2988,"Natalie Cole (With Nat ""King"" Cole)",1991,1990
583,Unforgettable,Lento,3.9,0.73,0.03,0.12,True,2995,"Natalie Cole (With Nat ""King"" Cole)",1991,1990
584,Uno,Moderado,3.98,0.52,0.99,0.05,True,2231,La Ley,2000,2000
585,Uptown Funk,Moderado,4.53,0.79,0.1,0.12,True,691,Mark Ronson Featuring Bruno Mars,2015,2010
586,Uptown Funk,Moderado,4.53,0.79,0.1,0.12,True,696,Mark Ronson Featuring Bruno Mars,2015,2010
587,Use Somebody,Moderado,4.51,0.62,0.16,0.04,True,1211,Kings Of Leon,2009,2000
588,Use Somebody,Moderado,4.51,0.62,0.16,0.04,True,1226,Kings Of Leon,2009,2000
589,Vertigo,Moderado,3.66,0.42,0.01,0.16,True,1775,U2,2004,2000
590,Vertigo,Moderado,3.66,0.42,0.01,0.16,True,1865,U2,2004,2000
591,Victory,Moderado,3.84,0.75,0.37,0.11,True,1592,Yolanda Adams,2006,2000
592,Vida,Moderado,2.84,0.25,0.15,0.04,True,214,Luis Fonsi,2019,2010
593,Vida,Moderado,2.84,0.25,0.15,0.04,True,898,Draco Rosa,2013,2010
594,Voodoo,Lento,4.33,0.62,0.04,0.03,True,2204,D'Angelo,2000,2000
595,Vuelve,Moderado,4.66,0.73,0.2,0.03,True,2427,Ricky Martin,1998,1990
596,Wagon Wheel,Moderado,4.97,0.54,0.46,0.03,True,883,Darius Rucker,2013,2010
597,Wake Up!,Moderado,5.89,0.63,0.11,0.06,True,1130,John Legend & The Roots,2010,2010
598,Walk,Moderado,4.27,0.23,0.0,0.05,True,1035,Foo Fighters,2011,2010
599,War Machine,Moderado,3.16,0.52,0.0,0.03,True,1227,AC/DC,2009,2000
600,We Belong Together,Lento,1.94,0.68,0.87,0.03,True,1674,Mariah Carey,2005,2000
601,We Will Meet Again,Moderado,3.35,0.4,0.36,0.06,True,3807,Bill Evans,1980,1980
602,We've Got To Try,Lento,3.6,0.68,0.0,0.11,True,425,The Chemical Brothers,2019,2010
603,Weather,Moderado,3.87,0.53,0.94,0.03,True,62,Tycho Featuring Saint Sinner,2019,2010
604,What A Friend,Moderado,5.18,0.33,0.4,0.03,True,3904,Larry Hart,1978,1970
605,When A Man Loves A Woman,Lento,2.91,0.4,0.26,0.03,True,2993,Michael Bolton,1991,1990
606,When I Fall In Love,Lento,4.69,0.33,0.93,0.03,True,2570,"Natalie Cole (& Nat ""King"" Cole)",1996,1990
607,Whiskey Before Breakfast,Moderado,2.92,0.48,0.15,0.03,True,1581,Bryan Sutton & Doc Watson,2006,2000
608,Whiskey In The Jar,Moderado,5.08,0.51,0.0,0.04,True,2293,Metallica,1999,1990
609,Who Let The Dogs Out,Moderado,3.25,0.9,0.09,0.45,True,2187,Baha Men,2000,2000
610,Wings,Moderado,5.31,0.4,0.0,0.08,True,158,Peter Kater,2019,2010
611,Wish,Moderado,3.96,0.58,0.95,0.03,True,2920,Nine Inch Nails,1992,1990
612,Without Me,Moderado,3.37,0.66,0.74,0.03,True,2074,Eminem,2002,2000
613,Without You,Moderado,3.03,0.66,0.0,0.04,True,4195,Harry Nilsson,1972,1970
614,Wives And Lovers,Moderado,2.5,0.48,0.6,0.03,True,4593,Jack Jones,1963,1960
615,Woman,Lento,2.84,0.7,0.64,0.04,True,71,Karen O & Danger Mouse,2019,2010
616,Woman,Lento,2.84,0.7,0.64,0.04,True,1558,Wolfmother,2006,2000
617,Words,Lento,3.31,0.26,0.14,0.03,True,2587,The Tony Rich Project,1996,1990
618,Work It,Lento,2.89,0.81,0.29,0.08,True,1897,Missy Elliott,2003,2000
619,Worlds Apart,Moderado,4.39,0.71,0.18,0.04,True,2592,Vince Gill,1996,1990
620,You Are Not Alone,Moderado,5.76,0.65,0.64,0.03,True,1164,Mavis Staples,2010,2010
621,You Are There,Lento,3.55,0.34,0.99,0.05,True,2421,Ashley Cleveland,1998,1990
622,You Oughta Know,Lento,4.16,0.64,0.23,0.07,True,2663,Alanis Morissette,1995,1990
623,You Want It Darker,Moderado,4.74,0.67,0.61,0.06,True,531,Leonard Cohen,2017,2010
624,You're Still The One,Moderado,2.96,0.61,0.71,0.03,True,2406,Shania Twain,1998,1990
